Primer Name	Sequence	Pool	Length	Tm	Start
SARSCoV_1200_1_LEFT	ACCAACCAACTTTCGATCTCTTGT	1	24	60.69	30
SARSCoV_1200_1_RIGHT	GGTTGCATTCATTTGGTGACGC	1	22	61.49	1205
SARSCoV_1200_2_LEFT	CCATAATCAAGACTATTCAACCAAGGGT	2	28	61.27	1100
SARSCoV_1200_2_RIGHT	ACAGGTGACAATTTGTCCACCG	2	22	61.33	2266
SARSCoV_1200_3_LEFT	GGCTTGAAGAGAAGTTTAAGGAAGGT	1	26	61.19	2153
SARSCoV_1200_3_RIGHT	GATTGTCCTCACTGCCGTCTTG	1	22	61.5	3257
SARSCoV_1200_4_LEFT	GGAATTTGGTGCCACTTCTGCT	2	22	61.66	3144
SARSCoV_1200_4_RIGHT	CCTGACCCGGGTAAGTGGTTAT	2	22	61.49	4262
SARSCoV_1200_5_LEFT	ACCTACTAAAAAGGCTGGTGGC	1	22	60.55	4167
SARSCoV_1200_5_RIGHT	AGCATCTTGTAGAGCAGGTGGA	1	22	61.16	5359
SARSCoV_1200_6_LEFT	ACTTCTATTAAATGGGCAGATAACAACTG	2	29	60.18	5257
SARSCoV_1200_6_RIGHT	GATTATCCATTCCCTGCGCGTC	2	22	61.75	6380
SARSCoV_1200_7_LEFT	ACCTGGTGTATACGTTGTCTTTGG	1	24	60.8	6283
SARSCoV_1200_7_RIGHT	GCTGAAATCGGGGCCATTTGTA	1	22	61.53	7401
SARSCoV_1200_8_LEFT	CAATCATGCAATTGTTTTTCAGCTATTTTG	2	30	60.39	7298
SARSCoV_1200_8_RIGHT	TGACTTTTTGCTACCTGCGCAT	2	22	61.39	8385
SARSCoV_1200_9_LEFT	AGAAGTTACTGGCGATAGTTGTAATAACT	1	29	60.59	8253
SARSCoV_1200_9_RIGHT	TGCTGATATGTCCAAAGCACCA	1	22	60.29	9400
SARSCoV_1200_10_LEFT	TTTACCAGGAGTTTTCTGTGGTGT	2	24	60.32	9303
SARSCoV_1200_10_RIGHT	TGGGCCTCATAGCACATTGGTA	2	22	61.5	10451
SARSCoV_1200_11_LEFT	AGACACCTAAGTATAAGTTTGTTCGCA	1	27	60.74	10343
SARSCoV_1200_11_RIGHT	GCCCACATGGAAATGGCTTGAT	1	22	61.8	11469
SARSCoV_1200_12_LEFT	ATGGTGCTAGGAGAGTGTGGAC	2	22	61.48	11372
SARSCoV_1200_12_RIGHT	GGATTTCCCACAATGCTGATGC	2	22	60.48	12560
SARSCoV_1200_13_LEFT	ACCTCTTACAACAGCAGCCAAAC	1	23	61.55	12450
SARSCoV_1200_13_RIGHT	CGTCCTTTTCTTGGAAGCGACA	1	22	61.38	13621
SARSCoV_1200_14_LEFT	ACAGGCACTAGTACTGATGTCGT	2	23	61.12	13509
SARSCoV_1200_14_RIGHT	GTGCAGCTACTGAAAAGCACGT	2	22	61.94	14641
SARSCoV_1200_15_LEFT	TTTTAAGGAATTACTTGTGTATGCTGCT	1	28	60.06	14540
SARSCoV_1200_15_RIGHT	ACACACAACAGCATCGTCAGAG	1	22	61.12	15735
SARSCoV_1200_16_LEFT	ACAACACAGACTTTATGAGTGTCTCT	2	26	60.18	15608
SARSCoV_1200_16_RIGHT	CTCTGTCAGACAGCACTTCACG	2	22	61.17	16720
SARSCoV_1200_17_LEFT	TCAAGCTTTTTGCAGCAGAAACG	1	23	61.28	16624
SARSCoV_1200_17_RIGHT	CCAAGCAGGGTTACGTGTAAGG	1	22	61.19	17754
SARSCoV_1200_18_LEFT	GCACATAAAGACAAATCAGCTCAATGC	2	27	62.03	17622
SARSCoV_1200_18_RIGHT	TGTCTGAAGCAGTGGAAAAGCA	2	22	60.68	18706
SARSCoV_1200_19_LEFT	GGCACATGGCTTTGAGTTGACA	1	22	61.91	18596
SARSCoV_1200_19_RIGHT	CCTGTTGTCCATCAAAGTGTCCC	1	23	61.62	19678
SARSCoV_1200_20_LEFT	ACAATTTGATACTTATAACCTCTGGAACAC	2	30	60.15	19574
SARSCoV_1200_20_RIGHT	GATTAGGCATAGCAACACCCGG	2	22	61.39	20698
SARSCoV_1200_21_LEFT	TCTGTAGTTTCTAAGGTTGTCAAAGTGA	1	28	60.58	20553
SARSCoV_1200_21_RIGHT	TGTCAGGGTAATAAACACCACGTG	1	24	61.04	21683
SARSCoV_1200_22_LEFT	GTGATGTTCTTGTTAACAACTAAACGAACA	2	30	61.44	21532
SARSCoV_1200_22_RIGHT	AACAGATGCAAATCTGGTGGCG	2	22	62.03	22612
SARSCoV_1200_23_LEFT	ACTTTAGAGTCCAACCAACAGAATCT	1	26	60.18	22511
SARSCoV_1200_23_RIGHT	TGACTAGCTACACTACGTGCCC	1	22	61.52	23631
SARSCoV_1200_24_LEFT	GCTGAACATGTCAACAACTCATATGA	2	26	60.13	23518
SARSCoV_1200_24_RIGHT	ATGAGGTGCTGACTGAGGGAAG	2	22	61.74	24736
SARSCoV_1200_25_LEFT	TGCTGCTACTAAAATGTCAGAGTGT	1	25	60.51	24633
SARSCoV_1200_25_RIGHT	CATTTCCAGCAAAGCCAAAGCC	1	22	61.45	25790
SARSCoV_1200_26_LEFT	GCCTTGAAGCCCCTTTTCTCTA	2	22	60.29	25690
SARSCoV_1200_26_RIGHT	AATGACCACATGGAACGCGTAC	2	22	61.5	26857
SARSCoV_1200_27_LEFT	TGGATCACCGGTGGAATTGCTA	1	22	61.75	26744
SARSCoV_1200_27_RIGHT	TGTTCGTTTAGGCGTGACAAGT	1	22	60.74	27894
SARSCoV_1200_28_LEFT	TATTTGTGCTTTTTAGCCTTTCTG	2	24	56.43	27782
SARSCoV_1200_28_RIGHT	GTTTGGCCTTGTTGTTGTTGGC	2	22	61.82	29007
SARSCoV_1200_29_LEFT	TGAGGGAGCCTTGAATACACCA	1	22	61.1	28677
SARSCoV_1200_29_RIGHT	TAGGCAGCTCTCCCTAGCATTG	1	22	61.61	29790
